[{"id":"user-image-b3.png","fileName":"b3.png","name":"b3","publicUrl":"https://assets.nicepagecdn.com/914609b2/5376764/images/b3.png","size":118600,"hash":"vmNXahfEP/3ZLD2aqTBitXDxcsg=","width":942,"height":1061,"folderId":null,"thumbnail":{"url":"https://assets.nicepagecdn.com/914609b2/5376764/images/thumbnails/b3.png","width":133,"height":150},"usages":["5376792"]},{"id":"user-image-b2.png","fileName":"b2.png","name":"b2","publicUrl":"https://assets.nicepagecdn.com/914609b2/5376764/images/b2.png","size":219103,"hash":"jycv4/3/7pnzcHCtB4TjQk+CiZA=","width":1014,"height":908,"folderId":null,"thumbnail":{"url":"https://assets.nicepagecdn.com/914609b2/5376764/images/thumbnails/b2.png","width":150,"height":134},"usages":["5376792"]},{"id":"user-image-b1.png","fileName":"b1.png","name":"b1","publicUrl":"https://assets.nicepagecdn.com/914609b2/5376764/images/b1.png","size":168858,"hash":"c5X0Ye2z1hdX1V6ZyZeynJ6OqD4=","width":942,"height":1140,"folderId":null,"thumbnail":{"url":"https://assets.nicepagecdn.com/914609b2/5376764/images/thumbnails/b1.png","width":124,"height":150},"usages":["5376792"]},{"id":"user-image-a9.png","fileName":"a9.png","name":"a9","publicUrl":"https://assets.nicepagecdn.com/914609b2/5376764/images/a9.png","size":101890,"hash":"XVhOL13nTeT6WnVYmvjh73y/MwU=","width":942,"height":979,"folderId":null,"thumbnail":{"url":"https://assets.nicepagecdn.com/914609b2/5376764/images/thumbnails/a9.png","width":144,"height":150},"usages":["5376792"]},{"id":"user-image-a8.png","fileName":"a8.png","name":"a8","publicUrl":"https://assets.nicepagecdn.com/914609b2/5376764/images/a8.png","size":141039,"hash":"Trr8ilOG3JdSQfIXI22525AZnv8=","width":942,"height":1166,"folderId":null,"thumbnail":{"url":"https://assets.nicepagecdn.com/914609b2/5376764/images/thumbnails/a8.png","width":121,"height":150},"usages":["5376792"]},{"id":"user-image-a7.png","fileName":"a7.png","name":"a7","publicUrl":"https://assets.nicepagecdn.com/914609b2/5376764/images/a7.png","size":189903,"hash":"vCWwusHwWmHSaIoRIegF70QZ8vM=","width":942,"height":1064,"folderId":null,"thumbnail":{"url":"https://assets.nicepagecdn.com/914609b2/5376764/images/thumbnails/a7.png","width":133,"height":150},"usages":["5376792"]},{"id":"user-image-a6.png","fileName":"a6.png","name":"a6","publicUrl":"https://assets.nicepagecdn.com/914609b2/5376764/images/a6.png","size":171144,"hash":"XtNnNCwJFQ2m5DUcvy+5xnPS29M=","width":942,"height":1088,"folderId":null,"thumbnail":{"url":"https://assets.nicepagecdn.com/914609b2/5376764/images/thumbnails/a6.png","width":130,"height":150},"usages":["5376792"]},{"id":"user-image-a5.png","fileName":"a5.png","name":"a5","publicUrl":"https://assets.nicepagecdn.com/914609b2/5376764/images/a5.png","size":307627,"hash":"MHRjRtutrDyyy45+eqy54/SVtjw=","width":942,"height":1102,"folderId":null,"thumbnail":{"url":"https://assets.nicepagecdn.com/914609b2/5376764/images/thumbnails/a5.png","width":128,"height":150},"usages":["5376792"]},{"id":"user-image-a4.png","fileName":"a4.png","name":"a4","publicUrl":"https://assets.nicepagecdn.com/914609b2/5376764/images/a4.png","size":195808,"hash":"YSSyBvikR+fisKI1AvixrK+mzek=","width":1097,"height":739,"folderId":null,"thumbnail":{"url":"https://assets.nicepagecdn.com/914609b2/5376764/images/thumbnails/a4.png","width":150,"height":101},"usages":["5376792"]},{"id":"user-image-a3.png","fileName":"a3.png","name":"a3","publicUrl":"https://assets.nicepagecdn.com/914609b2/5376764/images/a3.png","size":235659,"hash":"fdkEgR206CR7qT2kpUnDPYPP3cw=","width":942,"height":1292,"folderId":null,"thumbnail":{"url":"https://assets.nicepagecdn.com/914609b2/5376764/images/thumbnails/a3.png","width":109,"height":150},"usages":["5376792"]},{"id":"user-image-a2-1.png","fileName":"a2-1.png","name":"a2-1","publicUrl":"https://assets.nicepagecdn.com/914609b2/5376764/images/a2-1.png","size":109110,"hash":"bqMoSAjIJTWQ1E4hUIEjFxomxYQ=","width":1268,"height":700,"folderId":null,"thumbnail":{"url":"https://assets.nicepagecdn.com/914609b2/5376764/images/thumbnails/a2-1.png","width":150,"height":83},"usages":["5376792"]},{"id":"user-image-a1-1.png","fileName":"a1-1.png","name":"a1-1","publicUrl":"https://assets.nicepagecdn.com/914609b2/5376764/images/a1-1.png","size":215448,"hash":"rckwPbO4vgIMeGX10VYbTTYHg/I=","width":959,"height":1081,"folderId":null,"thumbnail":{"url":"https://assets.nicepagecdn.com/914609b2/5376764/images/thumbnails/a1-1.png","width":133,"height":150},"usages":["5376792"]},{"id":"user-image-a2.png","fileName":"a2.png","name":"a2","publicUrl":"https://assets.nicepagecdn.com/914609b2/5376764/images/a2.png","size":495457,"hash":"7XMXxPFtApva7OeIrUDfzVJttWQ=","width":1920,"height":573,"folderId":null,"thumbnail":{"url":"https://assets.nicepagecdn.com/914609b2/5376764/images/thumbnails/a2.png","width":150,"height":45},"usages":["5376792"]},{"id":"user-image-a1.png","fileName":"a1.png","name":"a1","publicUrl":"https://assets.nicepagecdn.com/914609b2/5376764/images/a1.png","size":174913,"hash":"IdYH47TNawB6eiRH5Z7cTDU2zX0=","width":2935,"height":1164,"folderId":null,"thumbnail":{"url":"https://assets.nicepagecdn.com/914609b2/5376764/images/thumbnails/a1.png","width":150,"height":59},"usages":["5376792"]},{"id":"user-image-9370dd84de8a20e6dd111048f22b21d77fe888cb32b7ca180d33a270e9e7632ebfdfbf6d1e2ead8dd30672a61b6cdae78d6a3c344e7a94ac26f453_1280.jpg","fileName":"9370dd84de8a20e6dd111048f22b21d77fe888cb32b7ca180d33a270e9e7632ebfdfbf6d1e2ead8dd30672a61b6cdae78d6a3c344e7a94ac26f453_1280.jpg","name":"9370dd84de8a20e6dd111048f22b21d77fe888cb32b7ca180d33a270e9e7632ebfdfbf6d1e2ead8dd30672a61b6cdae78d6a3c344e7a94ac26f453_1280","publicUrl":"https://assets.nicepagecdn.com/914609b2/5376764/images/9370dd84de8a20e6dd111048f22b21d77fe888cb32b7ca180d33a270e9e7632ebfdfbf6d1e2ead8dd30672a61b6cdae78d6a3c344e7a94ac26f453_1280.jpg","size":152326,"hash":"ZWtkB7qTdjWkUY6bhUt+O+jOikQ=","width":1280,"height":853,"folderId":null,"thumbnail":{"url":"https://assets.nicepagecdn.com/914609b2/5376764/images/thumbnails/9370dd84de8a20e6dd111048f22b21d77fe888cb32b7ca180d33a270e9e7632ebfdfbf6d1e2ead8dd30672a61b6cdae78d6a3c344e7a94ac26f453_1280.jpg","width":150,"height":100},"usages":[]},{"id":"user-image-561184.png","fileName":"561184.png","name":"561184","publicUrl":"https://assets.nicepagecdn.com/914609b2/5376764/images/561184.png","size":1303,"hash":"+Ei5LsiBGFHAOtWF3w9OQPHSFEg=","width":128,"height":128,"folderId":null,"thumbnail":{"url":"https://assets.nicepagecdn.com/914609b2/5376764/images/561184.png","width":128,"height":128},"usages":[]}]