[{"id":"user-image-ag4.png","fileName":"ag4.png","name":"ag4","publicUrl":"https://assets.nicepagecdn.com/914609b2/5376764/images/ag4.png","size":595989,"hash":"RBAe+P7Oqj1nOu/7ivTPOA7r43E=","width":2156,"height":1668,"folderId":null,"thumbnail":{"url":"https://assets.nicepagecdn.com/914609b2/5376764/images/thumbnails/ag4.png","width":150,"height":116},"usages":["5376792"]},{"id":"user-image-ag3.png","fileName":"ag3.png","name":"ag3","publicUrl":"https://assets.nicepagecdn.com/914609b2/5376764/images/ag3.png","size":824340,"hash":"pC0d+hbAgmuNN+se9i4OTmkE7RI=","width":1920,"height":1794,"folderId":null,"thumbnail":{"url":"https://assets.nicepagecdn.com/914609b2/5376764/images/thumbnails/ag3.png","width":150,"height":140},"usages":["5376792"]},{"id":"user-image-ag2.png","fileName":"ag2.png","name":"ag2","publicUrl":"https://assets.nicepagecdn.com/914609b2/5376764/images/ag2.png","size":1150930,"hash":"H09X3RHs22JocOj3LAzv5uEkQVE=","width":1341,"height":1920,"folderId":null,"thumbnail":{"url":"https://assets.nicepagecdn.com/914609b2/5376764/images/thumbnails/ag2.png","width":105,"height":150},"usages":["5376792"]},{"id":"user-image-ag1.png","fileName":"ag1.png","name":"ag1","publicUrl":"https://assets.nicepagecdn.com/914609b2/5376764/images/ag1.png","size":900120,"hash":"BALibeEdtOZjnCFATBPZYHamRNQ=","width":1920,"height":1867,"folderId":null,"thumbnail":{"url":"https://assets.nicepagecdn.com/914609b2/5376764/images/thumbnails/ag1.png","width":150,"height":146},"usages":["5376792"]},{"id":"user-image-af9.png","fileName":"af9.png","name":"af9","publicUrl":"https://assets.nicepagecdn.com/914609b2/5376764/images/af9.png","size":884863,"hash":"1UEQAoTjeuevrOgysK713FqxZz4=","width":1920,"height":1868,"folderId":null,"thumbnail":{"url":"https://assets.nicepagecdn.com/914609b2/5376764/images/thumbnails/af9.png","width":150,"height":146},"usages":["5376792"]},{"id":"user-image-af8.png","fileName":"af8.png","name":"af8","publicUrl":"https://assets.nicepagecdn.com/914609b2/5376764/images/af8.png","size":787008,"hash":"M+02J19Vht00LCyxrTwL5J3SarQ=","width":2316,"height":1272,"folderId":null,"thumbnail":{"url":"https://assets.nicepagecdn.com/914609b2/5376764/images/thumbnails/af8.png","width":150,"height":82},"usages":["5376792"]},{"id":"user-image-af7.png","fileName":"af7.png","name":"af7","publicUrl":"https://assets.nicepagecdn.com/914609b2/5376764/images/af7.png","size":529965,"hash":"jSIPtrtbWpTII/zqbw8tAkY7WFs=","width":2208,"height":1736,"folderId":null,"thumbnail":{"url":"https://assets.nicepagecdn.com/914609b2/5376764/images/thumbnails/af7.png","width":150,"height":118},"usages":["5376792"]},{"id":"user-image-af6.png","fileName":"af6.png","name":"af6","publicUrl":"https://assets.nicepagecdn.com/914609b2/5376764/images/af6.png","size":699439,"hash":"BVuJKqjymnbjkNxc/J0yd8xqfDE=","width":2156,"height":1626,"folderId":null,"thumbnail":{"url":"https://assets.nicepagecdn.com/914609b2/5376764/images/thumbnails/af6.png","width":150,"height":113},"usages":["5376792"]},{"id":"user-image-af5.png","fileName":"af5.png","name":"af5","publicUrl":"https://assets.nicepagecdn.com/914609b2/5376764/images/af5.png","size":954080,"hash":"JBF/8KeftMX/cktX5hK2qAV3i0E=","width":2208,"height":1800,"folderId":null,"thumbnail":{"url":"https://assets.nicepagecdn.com/914609b2/5376764/images/thumbnails/af5.png","width":150,"height":122},"usages":["5376792"]},{"id":"user-image-af4.png","fileName":"af4.png","name":"af4","publicUrl":"https://assets.nicepagecdn.com/914609b2/5376764/images/af4.png","size":837148,"hash":"1ASc+hOLONP3qINiJwH9gjkEuEw=","width":2476,"height":1160,"folderId":null,"thumbnail":{"url":"https://assets.nicepagecdn.com/914609b2/5376764/images/thumbnails/af4.png","width":150,"height":70},"usages":["5376792"]},{"id":"user-image-af3.png","fileName":"af3.png","name":"af3","publicUrl":"https://assets.nicepagecdn.com/914609b2/5376764/images/af3.png","size":1030643,"hash":"++uTdq04M9fztLjQgeseRNVDmGg=","width":2263,"height":1267,"folderId":null,"thumbnail":{"url":"https://assets.nicepagecdn.com/914609b2/5376764/images/thumbnails/af3.png","width":150,"height":84},"usages":["5376792"]},{"id":"user-image-af2.png","fileName":"af2.png","name":"af2","publicUrl":"https://assets.nicepagecdn.com/914609b2/5376764/images/af2.png","size":946793,"hash":"9LkaI0ap94KpU9vGhkYRiv6yonc=","width":2422,"height":1822,"folderId":null,"thumbnail":{"url":"https://assets.nicepagecdn.com/914609b2/5376764/images/thumbnails/af2.png","width":150,"height":113},"usages":["5376792"]},{"id":"user-image-af1.png","fileName":"af1.png","name":"af1","publicUrl":"https://assets.nicepagecdn.com/914609b2/5376764/images/af1.png","size":363025,"hash":"p6jrhxNKdZidoYlu3hKRUv5sWK0=","width":2102,"height":909,"folderId":null,"thumbnail":{"url":"https://assets.nicepagecdn.com/914609b2/5376764/images/thumbnails/af1.png","width":150,"height":65},"usages":["5376792"]},{"id":"user-image-ae9.png","fileName":"ae9.png","name":"ae9","publicUrl":"https://assets.nicepagecdn.com/914609b2/5376764/images/ae9.png","size":298260,"hash":"yCWVFwij2xT1LIfm7qUMkcLvhN0=","width":2229,"height":1806,"folderId":null,"thumbnail":{"url":"https://assets.nicepagecdn.com/914609b2/5376764/images/thumbnails/ae9.png","width":150,"height":122},"usages":["5376792"]},{"id":"user-image-ae8.png","fileName":"ae8.png","name":"ae8","publicUrl":"https://assets.nicepagecdn.com/914609b2/5376764/images/ae8.png","size":680904,"hash":"ROS13/5LRDpyUQ95tfPyUHavRBk=","width":2088,"height":1388,"folderId":null,"thumbnail":{"url":"https://assets.nicepagecdn.com/914609b2/5376764/images/thumbnails/ae8.png","width":150,"height":100},"usages":["5376792"]},{"id":"user-image-ae7.png","fileName":"ae7.png","name":"ae7","publicUrl":"https://assets.nicepagecdn.com/914609b2/5376764/images/ae7.png","size":609338,"hash":"CqMaiXz1Mm/EZ+diKOp+NsAUmOE=","width":2186,"height":1558,"folderId":null,"thumbnail":{"url":"https://assets.nicepagecdn.com/914609b2/5376764/images/thumbnails/ae7.png","width":150,"height":107},"usages":["5376792"]},{"id":"user-image-ae6.png","fileName":"ae6.png","name":"ae6","publicUrl":"https://assets.nicepagecdn.com/914609b2/5376764/images/ae6.png","size":746527,"hash":"+8LAHap1pkxhbwmikY6fH0y/LUQ=","width":2264,"height":1508,"folderId":null,"thumbnail":{"url":"https://assets.nicepagecdn.com/914609b2/5376764/images/thumbnails/ae6.png","width":150,"height":100},"usages":["5376792"]},{"id":"user-image-ae5.png","fileName":"ae5.png","name":"ae5","publicUrl":"https://assets.nicepagecdn.com/914609b2/5376764/images/ae5.png","size":770399,"hash":"5uqC6pXUg0GR66F1X0olFLXfLEY=","width":2316,"height":1538,"folderId":null,"thumbnail":{"url":"https://assets.nicepagecdn.com/914609b2/5376764/images/thumbnails/ae5.png","width":150,"height":100},"usages":["5376792"]},{"id":"user-image-ae4.png","fileName":"ae4.png","name":"ae4","publicUrl":"https://assets.nicepagecdn.com/914609b2/5376764/images/ae4.png","size":583211,"hash":"PBqYjqj4s1Snb4G8bMUMBa9tf30=","width":1996,"height":1418,"folderId":null,"thumbnail":{"url":"https://assets.nicepagecdn.com/914609b2/5376764/images/thumbnails/ae4.png","width":150,"height":107},"usages":["5376792"]},{"id":"user-image-ae3.png","fileName":"ae3.png","name":"ae3","publicUrl":"https://assets.nicepagecdn.com/914609b2/5376764/images/ae3.png","size":130484,"hash":"2Jxs1TlfwToKpHMSBL2g8sxAZAs=","width":2040,"height":2040,"folderId":null,"thumbnail":{"url":"https://assets.nicepagecdn.com/914609b2/5376764/images/thumbnails/ae3.png","width":150,"height":150},"usages":["5376792"]},{"id":"user-image-ae2.png","fileName":"ae2.png","name":"ae2","publicUrl":"https://assets.nicepagecdn.com/914609b2/5376764/images/ae2.png","size":243316,"hash":"KBnAPlUUf0IVCMCEiRkYtJWmdec=","width":1377,"height":1325,"folderId":null,"thumbnail":{"url":"https://assets.nicepagecdn.com/914609b2/5376764/images/thumbnails/ae2.png","width":150,"height":144},"usages":["5376792"]},{"id":"user-image-ae1.png","fileName":"ae1.png","name":"ae1","publicUrl":"https://assets.nicepagecdn.com/914609b2/5376764/images/ae1.png","size":110776,"hash":"agT0q9uGk75XFwV1nFNnBhxX9eg=","width":1092,"height":1058,"folderId":null,"thumbnail":{"url":"https://assets.nicepagecdn.com/914609b2/5376764/images/thumbnails/ae1.png","width":150,"height":145},"usages":["5376792"]},{"id":"user-image-ad9.png","fileName":"ad9.png","name":"ad9","publicUrl":"https://assets.nicepagecdn.com/914609b2/5376764/images/ad9.png","size":421163,"hash":"iUAPtRefRSBvVV88yLv7xYl0xwY=","width":1558,"height":1192,"folderId":null,"thumbnail":{"url":"https://assets.nicepagecdn.com/914609b2/5376764/images/thumbnails/ad9.png","width":150,"height":115},"usages":["5376792"]},{"id":"user-image-ad8.png","fileName":"ad8.png","name":"ad8","publicUrl":"https://assets.nicepagecdn.com/914609b2/5376764/images/ad8.png","size":798189,"hash":"UHodrgQWp7oi2blC0tEVQhWgH3Q=","width":1740,"height":1305,"folderId":null,"thumbnail":{"url":"https://assets.nicepagecdn.com/914609b2/5376764/images/thumbnails/ad8.png","width":150,"height":113},"usages":["5376792"]},{"id":"user-image-ad7.png","fileName":"ad7.png","name":"ad7","publicUrl":"https://assets.nicepagecdn.com/914609b2/5376764/images/ad7.png","size":1452911,"hash":"y26eFrSDsxFtjeGLlFo1lrza7sE=","width":1920,"height":1605,"folderId":null,"thumbnail":{"url":"https://assets.nicepagecdn.com/914609b2/5376764/images/thumbnails/ad7.png","width":150,"height":125},"usages":["5376792"]},{"id":"user-image-ad6.png","fileName":"ad6.png","name":"ad6","publicUrl":"https://assets.nicepagecdn.com/914609b2/5376764/images/ad6.png","size":886040,"hash":"t74WGheu7fiNQDxunKAuPMVH4Rw=","width":2208,"height":1472,"folderId":null,"thumbnail":{"url":"https://assets.nicepagecdn.com/914609b2/5376764/images/thumbnails/ad6.png","width":150,"height":100},"usages":["5376792"]},{"id":"user-image-ad5.png","fileName":"ad5.png","name":"ad5","publicUrl":"https://assets.nicepagecdn.com/914609b2/5376764/images/ad5.png","size":481951,"hash":"C7do+KJakVUimAJXrD62qMKfbDo=","width":1770,"height":1920,"folderId":null,"thumbnail":{"url":"https://assets.nicepagecdn.com/914609b2/5376764/images/thumbnails/ad5.png","width":138,"height":150},"usages":["5376792"]},{"id":"user-image-ad4.png","fileName":"ad4.png","name":"ad4","publicUrl":"https://assets.nicepagecdn.com/914609b2/5376764/images/ad4.png","size":585237,"hash":"0dVDWQyFELgT922Cyk1xqPgX9so=","width":1882,"height":1082,"folderId":null,"thumbnail":{"url":"https://assets.nicepagecdn.com/914609b2/5376764/images/thumbnails/ad4.png","width":150,"height":86},"usages":["5376792"]},{"id":"user-image-ad3.png","fileName":"ad3.png","name":"ad3","publicUrl":"https://assets.nicepagecdn.com/914609b2/5376764/images/ad3.png","size":679961,"hash":"YbAXEZ8kBAJ4P3490KlqhtcwJfY=","width":2156,"height":948,"folderId":null,"thumbnail":{"url":"https://assets.nicepagecdn.com/914609b2/5376764/images/thumbnails/ad3.png","width":150,"height":66},"usages":["5376792"]},{"id":"user-image-ad2.png","fileName":"ad2.png","name":"ad2","publicUrl":"https://assets.nicepagecdn.com/914609b2/5376764/images/ad2.png","size":706287,"hash":"51tfMYIcVDuowYWi4ZMUlGbQHg8=","width":1842,"height":1180,"folderId":null,"thumbnail":{"url":"https://assets.nicepagecdn.com/914609b2/5376764/images/thumbnails/ad2.png","width":150,"height":96},"usages":["5376792"]},{"id":"user-image-ad1.png","fileName":"ad1.png","name":"ad1","publicUrl":"https://assets.nicepagecdn.com/914609b2/5376764/images/ad1.png","size":507960,"hash":"1sLq7ZGLXwgL8Q1Ep6y2eK8o+hk=","width":1714,"height":1024,"folderId":null,"thumbnail":{"url":"https://assets.nicepagecdn.com/914609b2/5376764/images/thumbnails/ad1.png","width":150,"height":90},"usages":["5376792"]},{"id":"user-image-ac9.png","fileName":"ac9.png","name":"ac9","publicUrl":"https://assets.nicepagecdn.com/914609b2/5376764/images/ac9.png","size":940891,"hash":"PesqFx7EetIkgQhHjXkNcXmGujc=","width":2302,"height":1400,"folderId":null,"thumbnail":{"url":"https://assets.nicepagecdn.com/914609b2/5376764/images/thumbnails/ac9.png","width":150,"height":91},"usages":["5376792"]},{"id":"user-image-ac8.png","fileName":"ac8.png","name":"ac8","publicUrl":"https://assets.nicepagecdn.com/914609b2/5376764/images/ac8.png","size":345197,"hash":"/kwYEm9cPxJ3zMvLcOjRgK1eE/A=","width":2408,"height":972,"folderId":null,"thumbnail":{"url":"https://assets.nicepagecdn.com/914609b2/5376764/images/thumbnails/ac8.png","width":150,"height":61},"usages":["5376792"]},{"id":"user-image-ac7.png","fileName":"ac7.png","name":"ac7","publicUrl":"https://assets.nicepagecdn.com/914609b2/5376764/images/ac7.png","size":363885,"hash":"uygEwO8eRBgoVCGckcqG0ylsf8I=","width":2312,"height":484,"folderId":null,"thumbnail":{"url":"https://assets.nicepagecdn.com/914609b2/5376764/images/thumbnails/ac7.png","width":150,"height":31},"usages":["5376792"]},{"id":"user-image-ac6.png","fileName":"ac6.png","name":"ac6","publicUrl":"https://assets.nicepagecdn.com/914609b2/5376764/images/ac6.png","size":436895,"hash":"pfatezKIyP5rmyA9ZIZ7NOFuvCQ=","width":2102,"height":928,"folderId":null,"thumbnail":{"url":"https://assets.nicepagecdn.com/914609b2/5376764/images/thumbnails/ac6.png","width":150,"height":66},"usages":["5376792"]},{"id":"user-image-ac5.png","fileName":"ac5.png","name":"ac5","publicUrl":"https://assets.nicepagecdn.com/914609b2/5376764/images/ac5.png","size":576553,"hash":"18MEPh3LGXnewab6zcmx53bNauo=","width":2242,"height":1607,"folderId":null,"thumbnail":{"url":"https://assets.nicepagecdn.com/914609b2/5376764/images/thumbnails/ac5.png","width":150,"height":108},"usages":["5376792"]},{"id":"user-image-ac4.png","fileName":"ac4.png","name":"ac4","publicUrl":"https://assets.nicepagecdn.com/914609b2/5376764/images/ac4.png","size":882149,"hash":"TfaN0C5MRUgaRL7qylk69zHBAzI=","width":1972,"height":1555,"folderId":null,"thumbnail":{"url":"https://assets.nicepagecdn.com/914609b2/5376764/images/thumbnails/ac4.png","width":150,"height":118},"usages":["5376792"]},{"id":"user-image-ac3.png","fileName":"ac3.png","name":"ac3","publicUrl":"https://assets.nicepagecdn.com/914609b2/5376764/images/ac3.png","size":86935,"hash":"vFclgteZpR9GvJt47v0IHRI2JCA=","width":1166,"height":454,"folderId":null,"thumbnail":{"url":"https://assets.nicepagecdn.com/914609b2/5376764/images/thumbnails/ac3.png","width":150,"height":58},"usages":["5376792"]},{"id":"user-image-ac2.png","fileName":"ac2.png","name":"ac2","publicUrl":"https://assets.nicepagecdn.com/914609b2/5376764/images/ac2.png","size":197834,"hash":"0JCZHmHCd/EJcmZ9GW3+esOhCjI=","width":2138,"height":1201,"folderId":null,"thumbnail":{"url":"https://assets.nicepagecdn.com/914609b2/5376764/images/thumbnails/ac2.png","width":150,"height":84},"usages":["5376792"]},{"id":"user-image-ac1.png","fileName":"ac1.png","name":"ac1","publicUrl":"https://assets.nicepagecdn.com/914609b2/5376764/images/ac1.png","size":1029720,"hash":"lislVLMi5ugNQNS+y2m2Viv0jvI=","width":1920,"height":1722,"folderId":null,"thumbnail":{"url":"https://assets.nicepagecdn.com/914609b2/5376764/images/thumbnails/ac1.png","width":150,"height":135},"usages":["5376792"]},{"id":"user-image-ab9.png","fileName":"ab9.png","name":"ab9","publicUrl":"https://assets.nicepagecdn.com/914609b2/5376764/images/ab9.png","size":567713,"hash":"Ln/LNZgYDjz6YNgAb+kngRol1ug=","width":2296,"height":1687,"folderId":null,"thumbnail":{"url":"https://assets.nicepagecdn.com/914609b2/5376764/images/thumbnails/ab9.png","width":150,"height":110},"usages":["5376792"]},{"id":"user-image-ab8.png","fileName":"ab8.png","name":"ab8","publicUrl":"https://assets.nicepagecdn.com/914609b2/5376764/images/ab8.png","size":260476,"hash":"AKYzosXGYwYbMokPzQLft+CoCjc=","width":1820,"height":1759,"folderId":null,"thumbnail":{"url":"https://assets.nicepagecdn.com/914609b2/5376764/images/thumbnails/ab8.png","width":150,"height":145},"usages":["5376792"]},{"id":"user-image-ab7.png","fileName":"ab7.png","name":"ab7","publicUrl":"https://assets.nicepagecdn.com/914609b2/5376764/images/ab7.png","size":735740,"hash":"kB+hk5pgvToe9de7bUy7pmCkrpY=","width":1920,"height":1920,"folderId":null,"thumbnail":{"url":"https://assets.nicepagecdn.com/914609b2/5376764/images/thumbnails/ab7.png","width":150,"height":150},"usages":["5376792"]},{"id":"user-image-ab6.png","fileName":"ab6.png","name":"ab6","publicUrl":"https://assets.nicepagecdn.com/914609b2/5376764/images/ab6.png","size":155194,"hash":"1Ozea97R3zfLzKFtFTdy433GECw=","width":1250,"height":1350,"folderId":null,"thumbnail":{"url":"https://assets.nicepagecdn.com/914609b2/5376764/images/thumbnails/ab6.png","width":139,"height":150},"usages":["5376792"]},{"id":"user-image-ab5.png","fileName":"ab5.png","name":"ab5","publicUrl":"https://assets.nicepagecdn.com/914609b2/5376764/images/ab5.png","size":404664,"hash":"wYGH+63Jer00lWbNywHZO1gnQdg=","width":2164,"height":1856,"folderId":null,"thumbnail":{"url":"https://assets.nicepagecdn.com/914609b2/5376764/images/thumbnails/ab5.png","width":150,"height":129},"usages":["5376792"]},{"id":"user-image-ab4.png","fileName":"ab4.png","name":"ab4","publicUrl":"https://assets.nicepagecdn.com/914609b2/5376764/images/ab4.png","size":314303,"hash":"IRSgL0uEItqSqO+vGpaM0I/KacA=","width":2256,"height":924,"folderId":null,"thumbnail":{"url":"https://assets.nicepagecdn.com/914609b2/5376764/images/thumbnails/ab4.png","width":150,"height":61},"usages":["5376792"]},{"id":"user-image-ab3.png","fileName":"ab3.png","name":"ab3","publicUrl":"https://assets.nicepagecdn.com/914609b2/5376764/images/ab3.png","size":707280,"hash":"qss8pZx8NnuwIsvxa2st/5QkEdQ=","width":2074,"height":1872,"folderId":null,"thumbnail":{"url":"https://assets.nicepagecdn.com/914609b2/5376764/images/thumbnails/ab3.png","width":150,"height":135},"usages":["5376792"]},{"id":"user-image-ab2.png","fileName":"ab2.png","name":"ab2","publicUrl":"https://assets.nicepagecdn.com/914609b2/5376764/images/ab2.png","size":155677,"hash":"rnZbLGFz5Dk/zZr6NWxgGhispVo=","width":1938,"height":1938,"folderId":null,"thumbnail":{"url":"https://assets.nicepagecdn.com/914609b2/5376764/images/thumbnails/ab2.png","width":150,"height":150},"usages":["5376792"]},{"id":"user-image-ab1.png","fileName":"ab1.png","name":"ab1","publicUrl":"https://assets.nicepagecdn.com/914609b2/5376764/images/ab1.png","size":522774,"hash":"RNSyOOYNCmspTl9HI1JPme375HY=","width":1814,"height":1920,"folderId":null,"thumbnail":{"url":"https://assets.nicepagecdn.com/914609b2/5376764/images/thumbnails/ab1.png","width":142,"height":150},"usages":["5376792"]},{"id":"user-image-c9.png","fileName":"c9.png","name":"c9","publicUrl":"https://assets.nicepagecdn.com/914609b2/5376764/images/c9.png","size":243013,"hash":"JK/YWN5TtEVZ4XtkkLvvpAOMPnA=","width":942,"height":980,"folderId":null,"thumbnail":{"url":"https://assets.nicepagecdn.com/914609b2/5376764/images/thumbnails/c9.png","width":144,"height":150},"usages":["5376792"]},{"id":"user-image-C8.png","fileName":"C8.png","name":"C8","publicUrl":"https://assets.nicepagecdn.com/914609b2/5376764/images/C8.png","size":341104,"hash":"0Px4Mpfi6veGQ8X9Jfo8bhMkiOo=","width":1038,"height":900,"folderId":null,"thumbnail":{"url":"https://assets.nicepagecdn.com/914609b2/5376764/images/thumbnails/C8.png","width":150,"height":130},"usages":["5376792"]},{"id":"user-image-C7.png","fileName":"C7.png","name":"C7","publicUrl":"https://assets.nicepagecdn.com/914609b2/5376764/images/C7.png","size":203985,"hash":"yZFMtS5rtfDTn5EoOjZ0dGEpZT8=","width":942,"height":924,"folderId":null,"thumbnail":{"url":"https://assets.nicepagecdn.com/914609b2/5376764/images/thumbnails/C7.png","width":150,"height":147},"usages":["5376792"]},{"id":"user-image-C6.png","fileName":"C6.png","name":"C6","publicUrl":"https://assets.nicepagecdn.com/914609b2/5376764/images/C6.png","size":126827,"hash":"ue831vMDSPS2QbNs/PcSCcuSUTE=","width":942,"height":1014,"folderId":null,"thumbnail":{"url":"https://assets.nicepagecdn.com/914609b2/5376764/images/thumbnails/C6.png","width":139,"height":150},"usages":["5376792"]},{"id":"user-image-C5.png","fileName":"C5.png","name":"C5","publicUrl":"https://assets.nicepagecdn.com/914609b2/5376764/images/C5.png","size":122820,"hash":"znI94feGDUIuUzHJjAkMQ3Tm9BE=","width":942,"height":878,"folderId":null,"thumbnail":{"url":"https://assets.nicepagecdn.com/914609b2/5376764/images/thumbnails/C5.png","width":150,"height":140},"usages":["5376792"]},{"id":"user-image-c3.png","fileName":"c3.png","name":"c3","publicUrl":"https://assets.nicepagecdn.com/914609b2/5376764/images/c3.png","size":132941,"hash":"hnxrBKH86+7uN5+IpO5huFXmjds=","width":942,"height":1051,"folderId":null,"thumbnail":{"url":"https://assets.nicepagecdn.com/914609b2/5376764/images/thumbnails/c3.png","width":134,"height":150},"usages":["5376792"]},{"id":"user-image-c2.png","fileName":"c2.png","name":"c2","publicUrl":"https://assets.nicepagecdn.com/914609b2/5376764/images/c2.png","size":184093,"hash":"jo+xyXUacHOzP3d/x6jVxRkxvIU=","width":942,"height":1048,"folderId":null,"thumbnail":{"url":"https://assets.nicepagecdn.com/914609b2/5376764/images/thumbnails/c2.png","width":135,"height":150},"usages":["5376792"]},{"id":"user-image-c1.png","fileName":"c1.png","name":"c1","publicUrl":"https://assets.nicepagecdn.com/914609b2/5376764/images/c1.png","size":186764,"hash":"2lxAZt5zAtULfMZyrOBDbFtooeA=","width":942,"height":1076,"folderId":null,"thumbnail":{"url":"https://assets.nicepagecdn.com/914609b2/5376764/images/thumbnails/c1.png","width":131,"height":150},"usages":["5376792"]},{"id":"user-image-b9.png","fileName":"b9.png","name":"b9","publicUrl":"https://assets.nicepagecdn.com/914609b2/5376764/images/b9.png","size":134121,"hash":"ReaZmStYcVzVoJsQhkR7Q8TlZgE=","width":942,"height":1114,"folderId":null,"thumbnail":{"url":"https://assets.nicepagecdn.com/914609b2/5376764/images/thumbnails/b9.png","width":127,"height":150},"usages":["5376792"]},{"id":"user-image-b8.png","fileName":"b8.png","name":"b8","publicUrl":"https://assets.nicepagecdn.com/914609b2/5376764/images/b8.png","size":150557,"hash":"1jFWSmr8B0XOaR3bHL7jYcxXov8=","width":942,"height":1066,"folderId":null,"thumbnail":{"url":"https://assets.nicepagecdn.com/914609b2/5376764/images/thumbnails/b8.png","width":133,"height":150},"usages":["5376792"]},{"id":"user-image-b7.png","fileName":"b7.png","name":"b7","publicUrl":"https://assets.nicepagecdn.com/914609b2/5376764/images/b7.png","size":110615,"hash":"XKSLAow59x5jRtHAzSQEDncuWc8=","width":942,"height":1053,"folderId":null,"thumbnail":{"url":"https://assets.nicepagecdn.com/914609b2/5376764/images/thumbnails/b7.png","width":134,"height":150},"usages":["5376792"]},{"id":"user-image-b6.png","fileName":"b6.png","name":"b6","publicUrl":"https://assets.nicepagecdn.com/914609b2/5376764/images/b6.png","size":118713,"hash":"yAtYGp6pW8RSTW78vpi/T4u4yOM=","width":942,"height":969,"folderId":null,"thumbnail":{"url":"https://assets.nicepagecdn.com/914609b2/5376764/images/thumbnails/b6.png","width":146,"height":150},"usages":["5376792"]},{"id":"user-image-b4.png","fileName":"b4.png","name":"b4","publicUrl":"https://assets.nicepagecdn.com/914609b2/5376764/images/b4.png","size":129983,"hash":"o91O1aRDstgJzoqczbJQvZ3qr2k=","width":942,"height":1045,"folderId":null,"thumbnail":{"url":"https://assets.nicepagecdn.com/914609b2/5376764/images/thumbnails/b4.png","width":135,"height":150},"usages":["5376792"]},{"id":"user-image-b3.png","fileName":"b3.png","name":"b3","publicUrl":"https://assets.nicepagecdn.com/914609b2/5376764/images/b3.png","size":118600,"hash":"vmNXahfEP/3ZLD2aqTBitXDxcsg=","width":942,"height":1061,"folderId":null,"thumbnail":{"url":"https://assets.nicepagecdn.com/914609b2/5376764/images/thumbnails/b3.png","width":133,"height":150},"usages":["5376792"]},{"id":"user-image-b2.png","fileName":"b2.png","name":"b2","publicUrl":"https://assets.nicepagecdn.com/914609b2/5376764/images/b2.png","size":219103,"hash":"jycv4/3/7pnzcHCtB4TjQk+CiZA=","width":1014,"height":908,"folderId":null,"thumbnail":{"url":"https://assets.nicepagecdn.com/914609b2/5376764/images/thumbnails/b2.png","width":150,"height":134},"usages":["5376792"]},{"id":"user-image-b1.png","fileName":"b1.png","name":"b1","publicUrl":"https://assets.nicepagecdn.com/914609b2/5376764/images/b1.png","size":168858,"hash":"c5X0Ye2z1hdX1V6ZyZeynJ6OqD4=","width":942,"height":1140,"folderId":null,"thumbnail":{"url":"https://assets.nicepagecdn.com/914609b2/5376764/images/thumbnails/b1.png","width":124,"height":150},"usages":["5376792"]},{"id":"user-image-a9.png","fileName":"a9.png","name":"a9","publicUrl":"https://assets.nicepagecdn.com/914609b2/5376764/images/a9.png","size":101890,"hash":"XVhOL13nTeT6WnVYmvjh73y/MwU=","width":942,"height":979,"folderId":null,"thumbnail":{"url":"https://assets.nicepagecdn.com/914609b2/5376764/images/thumbnails/a9.png","width":144,"height":150},"usages":["5376792"]},{"id":"user-image-a8.png","fileName":"a8.png","name":"a8","publicUrl":"https://assets.nicepagecdn.com/914609b2/5376764/images/a8.png","size":141039,"hash":"Trr8ilOG3JdSQfIXI22525AZnv8=","width":942,"height":1166,"folderId":null,"thumbnail":{"url":"https://assets.nicepagecdn.com/914609b2/5376764/images/thumbnails/a8.png","width":121,"height":150},"usages":["5376792"]},{"id":"user-image-a7.png","fileName":"a7.png","name":"a7","publicUrl":"https://assets.nicepagecdn.com/914609b2/5376764/images/a7.png","size":189903,"hash":"vCWwusHwWmHSaIoRIegF70QZ8vM=","width":942,"height":1064,"folderId":null,"thumbnail":{"url":"https://assets.nicepagecdn.com/914609b2/5376764/images/thumbnails/a7.png","width":133,"height":150},"usages":["5376792"]},{"id":"user-image-a6.png","fileName":"a6.png","name":"a6","publicUrl":"https://assets.nicepagecdn.com/914609b2/5376764/images/a6.png","size":171144,"hash":"XtNnNCwJFQ2m5DUcvy+5xnPS29M=","width":942,"height":1088,"folderId":null,"thumbnail":{"url":"https://assets.nicepagecdn.com/914609b2/5376764/images/thumbnails/a6.png","width":130,"height":150},"usages":["5376792"]},{"id":"user-image-a5.png","fileName":"a5.png","name":"a5","publicUrl":"https://assets.nicepagecdn.com/914609b2/5376764/images/a5.png","size":307627,"hash":"MHRjRtutrDyyy45+eqy54/SVtjw=","width":942,"height":1102,"folderId":null,"thumbnail":{"url":"https://assets.nicepagecdn.com/914609b2/5376764/images/thumbnails/a5.png","width":128,"height":150},"usages":["5376792"]},{"id":"user-image-a4.png","fileName":"a4.png","name":"a4","publicUrl":"https://assets.nicepagecdn.com/914609b2/5376764/images/a4.png","size":195808,"hash":"YSSyBvikR+fisKI1AvixrK+mzek=","width":1097,"height":739,"folderId":null,"thumbnail":{"url":"https://assets.nicepagecdn.com/914609b2/5376764/images/thumbnails/a4.png","width":150,"height":101},"usages":["5376792"]},{"id":"user-image-a3.png","fileName":"a3.png","name":"a3","publicUrl":"https://assets.nicepagecdn.com/914609b2/5376764/images/a3.png","size":235659,"hash":"fdkEgR206CR7qT2kpUnDPYPP3cw=","width":942,"height":1292,"folderId":null,"thumbnail":{"url":"https://assets.nicepagecdn.com/914609b2/5376764/images/thumbnails/a3.png","width":109,"height":150},"usages":["5376792"]},{"id":"user-image-a2-1.png","fileName":"a2-1.png","name":"a2-1","publicUrl":"https://assets.nicepagecdn.com/914609b2/5376764/images/a2-1.png","size":109110,"hash":"bqMoSAjIJTWQ1E4hUIEjFxomxYQ=","width":1268,"height":700,"folderId":null,"thumbnail":{"url":"https://assets.nicepagecdn.com/914609b2/5376764/images/thumbnails/a2-1.png","width":150,"height":83},"usages":["5376792"]},{"id":"user-image-a1-1.png","fileName":"a1-1.png","name":"a1-1","publicUrl":"https://assets.nicepagecdn.com/914609b2/5376764/images/a1-1.png","size":215448,"hash":"rckwPbO4vgIMeGX10VYbTTYHg/I=","width":959,"height":1081,"folderId":null,"thumbnail":{"url":"https://assets.nicepagecdn.com/914609b2/5376764/images/thumbnails/a1-1.png","width":133,"height":150},"usages":["5376792"]},{"id":"user-image-a2.png","fileName":"a2.png","name":"a2","publicUrl":"https://assets.nicepagecdn.com/914609b2/5376764/images/a2.png","size":495457,"hash":"7XMXxPFtApva7OeIrUDfzVJttWQ=","width":1920,"height":573,"folderId":null,"thumbnail":{"url":"https://assets.nicepagecdn.com/914609b2/5376764/images/thumbnails/a2.png","width":150,"height":45},"usages":["5376792"]},{"id":"user-image-a1.png","fileName":"a1.png","name":"a1","publicUrl":"https://assets.nicepagecdn.com/914609b2/5376764/images/a1.png","size":174913,"hash":"IdYH47TNawB6eiRH5Z7cTDU2zX0=","width":2935,"height":1164,"folderId":null,"thumbnail":{"url":"https://assets.nicepagecdn.com/914609b2/5376764/images/thumbnails/a1.png","width":150,"height":59},"usages":["5376792"]},{"id":"user-image-9370dd84de8a20e6dd111048f22b21d77fe888cb32b7ca180d33a270e9e7632ebfdfbf6d1e2ead8dd30672a61b6cdae78d6a3c344e7a94ac26f453_1280.jpg","fileName":"9370dd84de8a20e6dd111048f22b21d77fe888cb32b7ca180d33a270e9e7632ebfdfbf6d1e2ead8dd30672a61b6cdae78d6a3c344e7a94ac26f453_1280.jpg","name":"9370dd84de8a20e6dd111048f22b21d77fe888cb32b7ca180d33a270e9e7632ebfdfbf6d1e2ead8dd30672a61b6cdae78d6a3c344e7a94ac26f453_1280","publicUrl":"https://assets.nicepagecdn.com/914609b2/5376764/images/9370dd84de8a20e6dd111048f22b21d77fe888cb32b7ca180d33a270e9e7632ebfdfbf6d1e2ead8dd30672a61b6cdae78d6a3c344e7a94ac26f453_1280.jpg","size":152326,"hash":"ZWtkB7qTdjWkUY6bhUt+O+jOikQ=","width":1280,"height":853,"folderId":null,"thumbnail":{"url":"https://assets.nicepagecdn.com/914609b2/5376764/images/thumbnails/9370dd84de8a20e6dd111048f22b21d77fe888cb32b7ca180d33a270e9e7632ebfdfbf6d1e2ead8dd30672a61b6cdae78d6a3c344e7a94ac26f453_1280.jpg","width":150,"height":100},"usages":[]},{"id":"user-image-561184.png","fileName":"561184.png","name":"561184","publicUrl":"https://assets.nicepagecdn.com/914609b2/5376764/images/561184.png","size":1303,"hash":"+Ei5LsiBGFHAOtWF3w9OQPHSFEg=","width":128,"height":128,"folderId":null,"thumbnail":{"url":"https://assets.nicepagecdn.com/914609b2/5376764/images/561184.png","width":128,"height":128},"usages":[]}]